Samuel,Henderson
Mildred,Hicks
Patricia,Smith
Phillip,Kelley
Anne,Diaz
Antonio,Foster
Timothy,Perkins
Deborah,Hamilton
Laura,Myers
Wanda,Davis
Ernest,Ramos
Lori,Moreno
Shawn,Duncan
Jack,Payne
James,Ortiz
Jeffrey,Reynolds
Theresa,Bradley
Kelly,Coleman
Pamela,Hill
Irene,Ferguson
Harry,Graham
Mildred,Cunningham
Martin,Murphy
Christina,Kelley
Anthony,Hicks
Pamela,Berry
Jason,Price
Joseph,Burton
Julie,Lopez
Ryan,Henry
Brenda,Clark
Angela,Evans
Henry,Morales
Rose,Ross
Donald,Robinson
Adam,Ruiz
Roger,Ryan
Janice,Carroll
Emily,Ray
Christina,Hernandez
Donald,Hernandez
Fred,Fuller
Debra,Taylor
Eric,Ruiz
Mildred,Richards
Evelyn,Peters
Patrick,Wallace
Willie,Dean
Sean,Franklin
Dennis,Williamson
Harold,Berry
Mark,Payne
Craig,Riley
Carlos,Knight
Deborah,Nichols
Annie,Parker
Charles,Mitchell
Robert,Burns
Laura,Black
Mary,Ortiz
Teresa,Adams
Ruby,Henderson
Fred,Kennedy
Aaron,Mitchell
Shirley,Walker
Lillian,Ortiz
Anne,Burton
Ruby,Carroll
Annie,Armstrong
Kathy,James
Pamela,Williams
Benjamin,Palmer
Russell,Lee
Laura,Black
Kathy,Weaver
Samuel,Anderson
Sara,Dixon
Jane,Marshall
Donald,Clark
Ruth,Diaz
Ralph,Oliver
Rebecca,Parker
Joan,Little
Julie,Williamson
David,Hanson
Clarence,White
Benjamin,Kennedy
Kathy,Shaw
Shirley,Nelson
Rose,Grant
Marie,Baker
Jessica,Bishop
Eugene,Cox
Jerry,Cole
Tina,Washington
Gary,Brown
Jessica,Rice
Beverly,Armstrong
Thomas,Gutierrez
Carl,Hansen
Elizabeth,Palmer
Richard,Evans
Lillian,Wallace
Joyce,Garrett
Betty,Diaz
Bonnie,Romero
Kevin,Welch
Elizabeth,Hansen
Marie,Johnson
Michelle,Torres
Nancy,Greene
Ruth,Mcdonald
Jack,Mendoza
Michelle,Grant
Kimberly,Lawrence
Janet,Harrison
Peter,Frazier
Kevin,Stevens
Frank,Dixon
Norma,Hernandez
Jacqueline,King
Henry,Nelson
Joseph,Stevens
Fred,Williams
Scott,Garcia
Walter,Kennedy
George,Washington
Ernest,Stone
Raymond,Perez
Helen,Scott
Frances,Daniels
Wayne,Morris
Evelyn,Gutierrez
Phyllis,Hughes
Alan,Thomas
Joshua,Riley
Roy,Olson
Lori,Watkins
Martha,Boyd
Joyce,Matthews
Eugene,Myers
Kevin,Palmer
Barbara,Coleman
Harold,Taylor
Janet,Sanchez
Jimmy,Bishop
Lois,Clark
Alice,Chapman
Todd,Bennett
Kenneth,Walker
Edward,Payne
Frank,Morris
Anna,Ford
Carlos,Garza
Craig,Ward
Judith,Wagner
Kathy,Armstrong
Mildred,Green
Todd,Berry
Maria,Moore
Lori,Anderson
Clarence,Wood
Amanda,Williamson
Andrea,Black
Kathleen,Ortiz
Gregory,Gutierrez
Jane,Taylor
Rachel,Peters
Louis,Wells
Anne,Carter
Frances,Green
Rachel,George
Steve,Baker
Steven,Ellis
Frances,Cox
Kathryn,Clark
Stephanie,Woods
Matthew,Ross
Eric,Hill
Andrew,Alexander
Theresa,Ford
Albert,Fisher
Denise,Carr
Debra,Mendoza
Julie,Richards
Paul,Hernandez
Rebecca,Powell
Randy,Crawford
Carolyn,Powell
Anne,Fowler
Kathryn,Berry
Brenda,Morris
Steven,Graham
Adam,James
Anne,Ross
Billy,Ortiz
Heather,Carroll
Jimmy,Turner
Emily,Perry
Jonathan,Nguyen
Jason,Morrison
Eric,Evans
Ralph,Gonzalez
Jason,Coleman
Phyllis,Ortiz
Karen,Murray
Thomas,Wood
Mark,Snyder
Phillip,Washington
Lois,Grant
Dorothy,Hudson
Debra,Garcia
Stephanie,Wallace
Charles,Kim
Edward,Marshall
Carolyn,Kelley
Fred,Ruiz
Lori,Andrews
Nancy,Bishop
Jimmy,Schmidt
Steve,Mason
Virginia,Hanson
David,Jackson
Anne,Gomez
Judith,Martin
Mary,Garza
Joseph,Butler
Billy,Barnes
Christina,Murray
James,Gonzalez
Brenda,Phillips
Samuel,Bennett
Kenneth,Morrison
Matthew,Austin
Sean,Ellis
Angela,Hamilton
Theresa,Fields
Randy,Jacobs
William,Martin
Kathleen,Long
Margaret,Stone
Jesse,Morrison
Andrew,Johnson
Mildred,Ramirez
Louise,Barnes
Michael,Harris
Lisa,Kim
Raymond,Wood
Karen,Hill
Gloria,Reid
Timothy,Medina
Katherine,Alexander
Patricia,Mccoy
Shirley,Barnes
Arthur,Martinez
Barbara,Fisher
Ronald,Hughes
Kathleen,Walker
Kathy,Sanders
Frances,Johnson
Craig,Ortiz
Evelyn,Simmons
Barbara,Ward
Theresa,Martin
Arthur,Robinson
Thomas,Grant
Steve,Tucker
Mildred,Simmons
Harry,Castillo
Jeremy,Morrison
Frank,Cox
Kathy,Olson
Heather,Andrews
Julia,Bowman
Mary,Cole
Theresa,Bishop
Ruby,Rodriguez
Julia,Kelley
Lillian,Austin
Sean,Carr
Dorothy,Hunter
Norma,Wood
Eric,Porter
Janice,Reed
Justin,Olson
Shawn,Mccoy
Christine,James
Shirley,Kennedy
Beverly,Hall
Wayne,Riley
Sarah,Lopez
Dorothy,Harvey
Anna,Rivera
Jacqueline,Coleman
Jacqueline,Arnold
Gerald,Martinez
Helen,Palmer
Anna,Holmes
David,Diaz
Frances,Davis
Sean,Clark
Jonathan,Richards
Eric,Franklin
Philip,Castillo
Jack,Murray
Donald,Snyder
Jacqueline,Myers
Frank,Long
Mildred,Reyes
Joshua,Henry
Carol,Bryant
Raymond,Black
Cynthia,Hart
Scott,Robertson
Maria,Freeman
Lori,Rice
Linda,West
Rachel,Pierce
Donna,Daniels
Bonnie,Foster
Ashley,Wright
Bobby,Carpenter
Philip,West
Philip,Lane
Rachel,Carpenter
Johnny,Edwards
Karen,Mcdonald
Lois,Mitchell
Arthur,Phillips
Walter,Robertson
Henry,Griffin
Ernest,Meyer
Edward,Barnes
Diane,Day
Russell,Alvarez
Louis,Hall
Virginia,Sullivan
Dorothy,Hart
Jose,Berry
Carolyn,Jenkins
Todd,Ross
Kathy,Andrews
Christopher,Freeman
Theresa,Gomez
Benjamin,Hunter
Jack,Hall
Jeremy,Gilbert
Anthony,Kennedy
Andrea,Kelly
Matthew,Cox
Jose,Watson
Marie,Fuller
Benjamin,Snyder
Rachel,Johnson
Diana,Turner
Jennifer,Price
Carol,Dunn
Paula,Harrison
Julie,West
Charles,Howell
Johnny,Garrett
Jean,Burton
Lori,Bell
Bonnie,Harrison
Earl,Johnson
Kathy,Harvey
Lillian,Lynch
Jesse,Collins
Kelly,Gutierrez
Rebecca,Baker
Chris,Reed
Martin,Stephens
Virginia,Lawrence
Roger,Carroll
Louis,Ortiz
Christina,Owens
Arthur,Walker
Fred,Shaw
Marilyn,Oliver
Evelyn,Frazier
Cheryl,Ruiz
Bobby,Barnes
Michael,Meyer
Brandon,Shaw
Dennis,Ellis
Peter,Henry
Patricia,Garza
Lawrence,Shaw
Jessica,Rogers
Denise,Bryant
Frances,Hall
Jessica,Rogers
Jean,Gutierrez
Frank,Chavez
Joyce,Payne
Lori,Brown
Benjamin,James
Henry,Howell
Juan,Stephens
Jeffrey,Andrews
Eric,Watson
Sandra,Jackson
Ernest,Fernandez
Larry,Turner
Gary,Richards
Shawn,Williams
Matthew,Black
Phyllis,Holmes
Ernest,Banks
Dorothy,Gonzalez
Karen,Wilson
Diana,Mitchell
Albert,Hunter
Jose,Perkins
Cheryl,Clark
Harry,Palmer
Robin,Henderson
Kenneth,Shaw
Peter,Bowman
Walter,Berry
Thomas,Ruiz
Kathleen,Olson
Sara,Price
Michelle,Hamilton
Michael,Price
Jeffrey,Jackson
Rebecca,Scott
David,Porter
Annie,Riley
Samuel,Berry
Antonio,Nichols
Martin,Armstrong
Andrea,Hawkins
Dorothy,Jacobs
Sandra,Jordan
William,Arnold
Christopher,Barnes
Gregory,Jones
Rachel,Bell
Harold,Black
Adam,Armstrong
Jeremy,Brown
Margaret,Walker
Henry,Murphy
Deborah,Kennedy
Ruth,Ward
Gerald,Johnson
Judith,Williams
Barbara,Thomas
Russell,Robertson
Clarence,Reid
Robert,Patterson
Daniel,Powell
Sarah,Porter
Howard,Bishop
Chris,Carroll
Carlos,Carr
Kenneth,Bailey
Ronald,Wood
Henry,Lewis
Karen,Chapman
Joe,Ward
Robin,Bradley
Dennis,Turner
Karen,Banks
Anthony,Armstrong
Gerald,Young
Anna,Peterson
Fred,Chapman
Charles,Anderson
Pamela,Robertson
Dorothy,Murphy
Annie,Wells
Frank,Tucker
Pamela,Reynolds
Lois,Robinson
Douglas,Kelley
Raymond,Williams
Albert,Fernandez
Wanda,Young
Barbara,Hicks
Lois,Wallace
Jesse,Boyd
Steven,Gilbert
Angela,Long
Donald,Moore
Brian,Edwards
Julia,Brooks
Joyce,Little
Scott,Pierce
Judith,Mccoy
Wanda,Burns
Jesse,Tucker
Jimmy,Adams
Justin,Webb
Justin,Powell
Teresa,Crawford
Robert,Butler
Laura,Sanchez
Harold,Gray
Justin,Fox
Russell,Howard
Marilyn,Wilson
Donald,West
Shirley,Elliott
Brian,Marshall
Martin,Kennedy
Scott,Alexander
Shawn,Reed
Gloria,Stevens
Angela,Alexander
Jeffrey,Burns
Melissa,Martinez
Peter,Mason
Larry,Long
Todd,Duncan
Paul,Marshall
Jason,Ferguson
Gary,Gilbert
Joshua,Richards
Michael,Stanley
Catherine,Turner
Daniel,Anderson
Christopher,Butler
Ernest,Mcdonald
Jose,Thomas
Bruce,Castillo
James,Lawson
Mary,Jenkins
Joan,Gibson
Kathleen,Frazier
Jane,Anderson
Roger,Black
Louise,Daniels
Ernest,Armstrong
Lori,Anderson
Jeffrey,Butler
Kelly,Thompson
Michelle,Gilbert
Carl,Murphy
Katherine,Hill
Chris,Taylor
Jacqueline,Carter
Carlos,Peterson
Ruby,Hayes
Julia,Mendoza
Martha,Ortiz
Juan,Young
Beverly,Cook
Lori,Parker
Linda,Foster
Paula,Andrews
Charles,Reyes
Carl,Webb
Nicole,Henderson
Annie,Washington
Stephanie,Shaw
Stephen,Smith
Jimmy,Taylor
Sean,Hart
Douglas,Welch
Jane,Ward
Dennis,Fisher
Sharon,Rogers
Julie,Roberts
Jason,Ruiz
Anne,Myers
Amy,Martin
Ashley,Patterson
Eugene,Holmes
Ernest,Woods
Margaret,Johnston
Melissa,Stone
Irene,Thomas
Louis,Russell
Timothy,Rivera
Ruth,Martinez
Johnny,Vasquez
Russell,Ward
Robert,Berry
Irene,Schmidt
Joe,Jenkins
Alan,Cook
Beverly,Perry
Debra,Spencer
Janice,Oliver
Gloria,Wheeler
Doris,Harper
Linda,Rose
Timothy,Walker
Jean,Gray
Julia,Harper
Joshua,Simmons
Ruth,Taylor
Michael,Hamilton
Gloria,Morrison
Lois,Frazier
Katherine,Ramos
Heather,Olson
Maria,Mendoza
Willie,Arnold
Sharon,Hill
Joe,Green
Emily,Ellis
Diana,Hart
Alan,Harper
Gerald,Marshall
Aaron,Dean
Debra,Lee
Sharon,Harper
Juan,Freeman
Evelyn,Larson
Daniel,Gutierrez
Gloria,Hudson
George,Ray
Gregory,Gonzales
Terry,Ford
Laura,Wright
Steven,Allen
Adam,Owens
Joe,Harvey
Tina,Thomas
Chris,Mason
Kathy,Stanley
Philip,Hanson
Samuel,Meyer
Margaret,Reynolds
Teresa,Dean
Maria,Anderson
Margaret,Romero
Kelly,Bell
Gloria,Davis
John,Greene
Daniel,Austin
Kimberly,Davis
Julia,Mason
Arthur,Martin
Anna,Ramos
Douglas,Peterson
Lois,Weaver
Marie,Foster
Ryan,Sanders
Donna,Matthews
Andrew,King
Charles,Tucker
Daniel,Williams
Martin,Larson
Doris,Hill
Albert,Stephens
James,Garrett
Joyce,Rivera
Arthur,West
Arthur,Andrews
Norma,Austin
Virginia,Sanchez
Jonathan,Arnold
Harold,Lane
Justin,Hanson
Gerald,Fowler
Frank,Hayes
Larry,Kennedy
Amanda,Ramos
Wayne,Evans
Christine,Burton
Dennis,Diaz
Matthew,Peterson
Terry,Chavez
Jack,Powell
Susan,Dunn
Mark,George
Victor,Owens
John,Powell
Antonio,Johnston
Jacqueline,Evans
Sarah,Gonzales
Louis,Martinez
Carlos,Peterson
Jonathan,Larson
Lois,Lawson
Jose,Ortiz
Clarence,Simmons
Amanda,Dunn
Samuel,Cunningham
Evelyn,Matthews
Tammy,Lane
Lori,Robertson
Roy,Rice
Kenneth,Baker
Martha,Cole
Carolyn,Knight
Mary,Foster
Louise,Vasquez
Elizabeth,Perry
Clarence,Harper
Mark,Perez
Roger,Baker
Kathryn,Harper
Terry,Hernandez
Emily,Myers
Samuel,Snyder
Julie,Webb
Ann,Harvey
Anthony,Morris
Nicholas,Knight
Brandon,Baker
Charles,Sims
Christina,Phillips
Tammy,Tucker
Howard,Peters
Linda,Green
Peter,Martin
Matthew,Watson
Jimmy,Gilbert
Kelly,Richards
Carol,Perkins
Craig,Hernandez
Theresa,Morgan
Brian,Holmes
Peter,King
Craig,Bennett
Wanda,Hayes
Lori,Moore
Michelle,Lawson
Katherine,Grant
Walter,Collins
Craig,Sanders
Kenneth,Hart
Judy,Garcia
Eugene,Ellis
Stephanie,Spencer
Lisa,Walker
Ruby,Fernandez
Russell,Fisher
Kathy,Nguyen
Judy,Payne
Lawrence,Lane
Susan,Reynolds
Sean,Mitchell
Judy,Martinez
John,Gomez
Richard,George
Julie,Garcia
Frances,Patterson
Louis,Bailey
Andrew,Vasquez
Ruth,Mason
Melissa,Wilson
Fred,Webb
Norma,Ramirez
Donna,Young
Carl,Richards
Marilyn,Grant
Stephanie,Fields
Martin,Peters
Kenneth,Kelley
Bonnie,Cooper
Sandra,Cox
Aaron,Oliver
Kelly,James
Eric,James
Norma,Sullivan
Gloria,Diaz
Anne,Hunter
Betty,Wagner
Louis,Carter
Julie,Snyder
Cheryl,Lawrence
Terry,Oliver
Anne,Hart
Richard,Porter
Jesse,Foster
Charles,Peterson
William,Evans
Steve,Wood
Helen,Patterson
Ralph,Richardson
Ralph,Fox
Christine,King
Richard,Pierce
Jeffrey,Ward
Charles,Cooper
Diane,Howell
James,Baker
Christine,Reynolds
Bobby,Hall
Richard,Roberts
Helen,Vasquez
Steven,Harrison
Alice,Wright
Beverly,Gilbert
Laura,Frazier
Amanda,Hill
Sarah,Hughes
Paula,Jackson
William,Henry
Brian,Fisher
Jeffrey,Jordan
Henry,Chavez
Carlos,Hudson
Steve,Wright
Janice,Wagner
Nancy,Hall
Susan,Hansen
Albert,Brown
Lois,Duncan
Russell,Evans
Carol,Black
Jimmy,Mcdonald
Amy,Fox
Martin,Henry
Todd,Crawford
Lawrence,Gray
Beverly,Woods
Helen,Carpenter
Fred,Allen
Teresa,Butler
Donna,Oliver
Janice,Nichols
Sarah,Rivera
Jean,Lopez
Fred,Ray
Rose,Garrett
Joyce,Ortiz
Christina,Pierce
Karen,Wells
Robin,Gonzales
Victor,Schmidt
Benjamin,Cunningham
Tammy,Cruz
Lawrence,Simpson
Roy,Robertson
Christine,Hill
Billy,Hamilton
Teresa,Baker
Tina,Moreno
Mildred,Moore
Theresa,Wood
Martha,Carpenter
Angela,Price
Peter,Price
Benjamin,Fernandez
Johnny,Burton
Steve,Thomas
Marie,Carter
Donald,Cunningham
Gary,Larson
Christine,Olson
Frances,Nelson
Katherine,Perkins
Clarence,Simpson
Andrew,Lane
Julie,Rodriguez
Eric,Harris
Deborah,Kim
William,Nelson
Lawrence,Richards
Jose,Hansen
Emily,Hanson
Randy,Mason
Ruby,Harvey
Timothy,Stewart
Lillian,Fernandez
Nancy,Ruiz
Shawn,Jackson
Brenda,Mason
Steven,Carr
Raymond,George
Beverly,Montgomery
Jimmy,Scott
Jeffrey,Martinez
Mark,Lawson
Jonathan,Chapman
Joe,Payne
Carlos,Boyd
Todd,Medina
Earl,Lynch
Jeffrey,Burns
Katherine,Hughes
Heather,Freeman
Anna,Mason
Jeremy,Martinez
Shirley,Rodriguez
Gloria,Reid
Christina,Sims
Carlos,Mason
Dorothy,Bradley
Nancy,Ferguson
Jane,Peters
Marilyn,Myers
Thomas,Johnson
Dennis,Ramos
Eugene,Vasquez
Jimmy,Bennett
Carl,Hernandez
Martin,Wright
Bruce,Montgomery
William,Carroll
Bruce,Hall
Christopher,Wallace
Lois,Harper
Willie,Marshall
Willie,Lane
Chris,Johnston
Joseph,Murphy
Sandra,Jenkins
Howard,Thompson
Elizabeth,Nichols
Anna,Weaver
Russell,Carpenter
Mary,Hawkins
Shirley,Gonzalez
Clarence,Woods
Victor,Webb
Nicole,Mccoy
Jack,Thomas
Clarence,Gray
Ernest,Gray
Harold,Dean
Justin,Rose
Jason,Hill
Jerry,Carter
Howard,Fuller
Diana,Gomez
James,Torres
Samuel,Sanchez
Ann,Gomez
Arthur,Griffin
Lois,Reyes
Johnny,Bradley
Joe,Jenkins
Scott,Berry
Ryan,Fuller
Shirley,Cooper
Albert,Fisher
Kathy,Perry
Bruce,Mills
Margaret,Wilson
Peter,Montgomery
Paul,Carpenter
Kevin,Kennedy
Clarence,Carr
Jason,Gardner
James,Cruz
Kevin,Collins
Antonio,Stewart
Joe,Owens
Gloria,Wilson
Craig,Holmes
James,Gibson
Irene,Edwards
Randy,Adams
Robin,Mcdonald
Anne,Wallace
Jimmy,Kennedy
Ruby,Little
John,Mcdonald
Marilyn,Jones
Kevin,Collins
Joyce,Watkins
Joseph,Andrews
Doris,Robertson
Sara,Harper
Fred,Burke
Anne,Hart
Douglas,Wells
George,Williams
Frances,Ramos
Kenneth,Hart
Annie,Robertson
Johnny,Gray
Jerry,Hunter
Kathleen,Armstrong
Maria,Long
Lawrence,Hughes
Carol,Johnson
Melissa,Bennett
Jerry,Howell
Johnny,Foster
Roy,Kelly
Eric,Anderson
Donald,Hill
Edward,Fox
Benjamin,Alexander
Jean,Robinson
Michelle,Gibson
Harold,Carpenter
James,Willis
Roy,Roberts
Fred,Price
Rebecca,Robertson
Laura,Webb
Irene,Allen
Beverly,Peterson
Steve,Harper
Kathleen,Hughes
Rose,Richardson
Jeremy,Grant
Albert,Franklin
Willie,Bowman
Sharon,Warren